año;organismo;codigo;descripcion;total;cap1;cap2;cap3;cap4;cap5;cap6;cap7;cap8
2023;ESTADO;1;IMPUESTOS DIRECTOS;86428535,02;;;;;;;;
2023;ESTADO;2;IMPUESTOS INDIRECTOS;57809239,51;;;;;;;;
2023;ESTADO;3;TASAS, PRECIOS;10778944,06;;;;;;;;
2023;ESTADO;4;TRANSFERENCIAS CORRIENTES;13556039,68;;;;;;;;
2023;ESTADO;5;INGRESOS PATRIMONIALES;6170901,99;;;;;;;;
2023;ESTADO;6;ENAJENACION;106200,0;;;;;;;;
2023;ESTADO;7;TRANSFERENCIAS DE CAPITAL;14155141,03;;;;;;;;
2023;ESTADO;8;ACTIVOS FINANCIEROS;3539165,04;;;;;;;;
2023;SEGURIDAD SOCIAL;60;SEGURIDAD SOCIAL;209177262,33;152075014,42;1021319,86;43511374,19;25793,57;1810,02;435423,73;2102720,39;10003806,15
